11.09.2018 Откр,11.09.2018  Макс,11.09.2018 Мин,11.09.2018 Закр,09.10.2018 Откр,09.10.2018 Макс,09.10.2018 Мин,09.10.2018 Закр,09.11.2018 Откр,09.11.2018 Макс,09.11.2018 Мин,09.11.2018 Закр,11.12.2018 Откр,11.12.2018 Макс,11.12.2018 Мин,11.12.2018 Закр
103300,104000,103300,103730,116090,116760,116090,116500,113830,114050,113790,113850,113040,113420,113040,113290
103740,103900,103740,103820,116500,116550,116420,116460,113840,114000,113830,113940,113290,113580,113270,113480
103850,103960,103850,103960,116460,116480,116370,116390,113940,114020,113920,113950,113480,113490,113300,113330
103920,103920,103780,103800,116390,116450,116300,116370,113940,114000,113920,113940,113350,113510,113320,113510
103790,103860,103790,103860,116370,116560,116370,116550,113940,113990,113920,113970,113510,113560,113440,113480
103880,103960,103780,103820,116550,116670,116540,116620,113970,114070,113840,113980,113480,113520,113410,113460
103850,103880,103810,103880,116620,116680,116590,116630,113960,114000,113890,113980,113470,113490,113410,113420
103890,103970,103890,103910,116630,116690,116600,116630,113970,114000,113930,113970,113410,113430,113370,113400
103980,104000,103970,103990,116620,116670,116580,116660,113950,113990,113920,113950,113390,113450,113360,113370
103980,104000,103980,103980,116650,116680,116600,116630,113940,113980,113920,113980,113360,113410,113340,113360
104010,104040,104000,104010,116640,116700,116620,116670,113970,113980,113930,113930,113370,113430,113350,113400
104010,104060,104010,104060,116660,116700,116600,116610,113930,113940,113810,113910,113400,113430,113360,113400
104090,104100,104080,104100,116610,116620,116580,116590,113920,113960,113860,113950,113400,113420,113370,113400
104100,104150,104080,104080,116590,116600,116530,116580,113950,113990,113920,113970,113380,113410,113330,113340
104110,104430,104110,104310,116560,116590,116530,116550,113970,114000,113910,114000,113330,113340,112980,113040
104310,104320,104250,104320,116540,116620,116510,116600,114000,114030,113930,113970,113040,113080,112870,113020
104320,104340,104300,104310,116600,116720,116590,116710,113960,113960,113910,113920,113000,113120,113000,113110
104270,104270,104200,104250,116710,116770,116680,116750,113930,113930,113820,113910,113110,113160,113090,113090
104240,104240,104180,104180,116760,116770,116690,116710,113910,113950,113890,113930,113090,113130,113050,113080
104160,104160,104030,104030,116710,116750,116680,116730,113940,114010,113940,113980,113080,113130,113070,113120
104030,104110,104030,104090,116740,116850,116720,116810,113970,114040,113940,114030,113110,113250,113110,113210
104100,104100,104100,104100,116810,116890,116810,116840,114030,114040,113980,114000,113210,113220,113150,113180
104100,104100,104100,104100,116830,116900,116790,116820,114000,114000,113950,113990,113170,113250,113170,113200
104120,104120,104090,104100,116830,116880,116820,116850,113980,113990,113950,113980,113180,113220,113150,113150
104050,104050,104010,104010,116840,116930,116830,116880,113980,114000,113960,113980,113150,113170,113060,113080
104000,104000,103810,103890,116880,116940,116810,116820,113980,113990,113920,113960,113080,113170,113080,113130
103950,103970,103950,103960,116820,116830,116670,116670,113960,114090,113950,114060,113120,113270,113120,113240
103970,104010,103970,104010,116670,116780,116670,116760,114060,114070,114000,114040,113240,113250,113160,113160
104030,104060,104030,104060,116760,116800,116670,116680,114050,114050,113940,113950,113170,113180,113110,113140
104050,104090,104050,104070,116680,116720,116620,116660,113950,114020,113950,114020,113150,113180,113110,113140
104120,104200,104100,104180,116660,116690,116570,116590,114020,114020,113960,114000,113130,113160,113090,113090
104130,104130,104120,104130,116600,116690,116580,116610,114000,114060,114000,114000,113080,113140,113050,113100
104110,104110,104090,104090,116590,116700,116580,116650,113990,114040,113990,114040,113100,113120,113010,113060
104090,104090,104090,104090,116660,116720,116660,116690,114030,114050,113950,113960,113080,113170,113070,113160
104050,104050,104040,104040,116690,116700,116590,116690,113960,113990,113900,113910,113160,113260,113150,113240
104010,104060,104010,104060,116680,116710,116640,116660,113900,113910,113840,113910,113240,113300,113210,113270
104020,104020,103980,103980,116690,116780,116690,116780,113910,113930,113880,113910,113280,113320,113230,113260
103980,103980,103960,103980,116780,116800,116750,116780,113920,113950,113900,113950,113260,113270,113160,113190
104100,104100,104100,104100,116770,116820,116760,116760,113950,113950,113910,113940,113190,113260,113180,113260
104080,104080,104080,104080,116760,116830,116720,116730,113930,113960,113870,113910,113250,113260,113200,113230
104080,104080,104080,104080,116730,116760,116670,116710,113900,113930,113860,113930,113220,113220,113140,113180
104080,104080,104070,104070,116710,116780,116690,116700,113930,113930,113700,113820,113180,113200,113140,113140
104040,104100,104040,104100,116700,116700,116480,116530,113810,113820,113730,113750,113140,113180,113140,113170
104110,104110,104050,104050,116530,116600,116530,116570,113750,113750,113620,113640,113180,113180,113140,113140
104050,104110,104050,104110,116570,116590,116510,116570,113650,113680,113620,113650,113150,113150,113010,113010
104160,104220,104160,104200,116570,116580,116530,116570,113640,113660,113600,113640,113000,113080,112990,113070
104200,104200,104200,104200,116580,116580,116540,116560,113640,113690,113630,113660,113060,113100,113040,113050
104210,104210,104200,104200,116560,116570,116540,116540,113660,113680,113570,113600,113050,113080,113050,113060
104210,104300,104210,104300,116540,116540,116500,116510,113600,113650,113580,113640,113070,113080,112970,112990
104270,104300,104270,104300,116510,116540,116460,116510,113630,113700,113620,113700,113000,113000,112810,112880
104250,104310,104250,104310,116510,116540,116500,116540,113700,113700,113640,113670,112890,112980,112890,112940
104290,104290,104290,104290,116530,116580,116520,116580,113670,113690,113660,113660,112930,113050,112910,113010
104290,104300,104290,104300,116570,116590,116500,116500,113650,113690,113600,113660,113030,113040,112990,113030
104270,104270,104270,104270,116500,116570,116500,116570,113660,113710,113650,113700,113020,113050,112970,112980
104220,104230,104200,104200,116570,116630,116550,116630,113690,113840,113690,113800,112970,113020,112950,112980
104190,104190,104140,104140,116630,116630,116520,116520,113790,113830,113760,113810,112990,113010,112960,112980
104150,104170,104150,104170,116510,116550,116500,116520,113810,113810,113760,113770,112980,113000,112930,112990
104250,104250,104210,104220,116520,116570,116510,116540,113760,113800,113750,113780,112980,112980,112910,112910
104320,104320,104310,104310,116540,116580,116500,116500,113780,113800,113740,113740,112910,112940,112790,112930
104350,104350,104350,104350,116520,116590,116520,116570,113740,113770,113720,113730,112920,112950,112870,112880
104310,104310,104260,104260,116570,116640,116560,116560,113740,113770,113660,113720,112880,112980,112710,112940
104260,104300,104260,104300,116560,116570,116370,116430,113730,113810,113690,113740,112930,112960,112810,112860
104290,104290,104240,104240,116450,116510,116410,116510,113740,113770,113720,113730,112850,112850,112670,112720
104250,104280,104250,104280,116510,116530,116480,116520,113730,113750,113710,113730,112720,112740,112660,112670
104280,104280,104280,104280,116510,116530,116490,116530,113730,113740,113630,113660,112690,112760,112660,112700
104310,104320,104300,104300,116520,116530,116460,116490,113660,113670,113470,113510,112690,112720,112610,112700
104270,104270,104250,104250,116500,116540,116480,116540,113510,113520,113410,113490,112700,112730,112560,112580
104250,104250,104230,104230,116540,116580,116520,116570,113490,113570,113470,113540,112570,112620,112440,112490
104220,104220,104210,104210,116570,116690,116550,116680,113550,113590,113510,113540,112500,112510,112340,112410
104250,104250,104250,104250,116680,116880,116680,116820,113540,113540,113400,113430,112410,112480,112380,112450
104260,104310,104260,104310,116820,116850,116770,116780,113420,113530,113400,113470,112440,112490,112410,112440
104310,104590,104310,104540,116770,116790,116730,116770,113470,113520,113450,113510,112430,112480,112370,112470
104560,104700,104560,104590,116770,116790,116730,116740,113520,113520,113470,113490,112460,112500,112450,112480
104590,104600,104520,104520,116730,116740,116690,116700,113480,113510,113460,113510,112480,112510,112460,112500
104570,104580,104570,104580,116710,116790,116710,116760,113510,113510,113430,113440,112500,112510,112460,112500
104550,104550,104550,104550,116750,116790,116750,116770,113450,113510,113380,113380,112510,112530,112450,112470
104510,104510,104490,104490,116760,116770,116720,116730,113380,113410,113350,113370,112480,112550,112470,112530
104530,104560,104530,104560,116750,116760,116720,116740,113370,113380,113260,113320,112520,112590,112480,112580
104590,104640,104590,104590,116730,116800,116730,116800,113320,113360,113300,113340,112570,112620,112540,112580
104600,104630,104600,104630,116790,116810,116750,116760,113330,113400,113320,113350,112580,112630,112560,112580
104610,104640,104540,104540,116750,116790,116730,116760,113350,113400,113320,113400,112580,112590,112540,112580
104570,104570,104550,104550,116770,116780,116710,116730,113390,113410,113370,113390,112580,112620,112570,112580
104570,104570,104570,104570,116740,116770,116740,116750,113390,113400,113250,113290,112580,112620,112540,112610
104540,104550,104540,104550,116760,116810,116750,116800,113290,113350,113270,113300,112610,112630,112580,112630
104560,104570,104540,104570,116800,116810,116760,116760,113290,113310,113260,113280,112610,112640,112590,112620
104570,104570,104540,104550,116760,116770,116690,116720,113270,113280,113190,113250,112620,112730,112620,112680
104520,104520,104520,104520,116720,116750,116620,116710,113260,113280,113220,113230,112670,112670,112620,112640
104550,104580,104540,104580,116710,116740,116700,116720,113220,113240,113190,113230,112640,112680,112630,112640
104570,104570,104570,104570,116730,116750,116640,116690,113220,113280,113220,113250,112620,112720,112620,112650
104580,104580,104550,104550,116690,116720,116630,116640,113240,113310,113240,113260,112640,112640,112530,112530
104560,104560,104490,104550,116630,116690,116570,116690,113260,113300,113240,113250,112520,112570,112470,112550
104550,104550,104550,104550,116680,116720,116670,116690,113260,113360,113260,113330,112560,112610,112560,112600
104520,104520,104520,104520,116700,116720,116670,116710,113330,113380,113320,113380,112590,112780,112580,112760
104510,104510,104500,104500,116720,116740,116700,116710,113370,113380,113300,113320,112760,112780,112680,112760
104530,104530,104490,104490,116720,116790,116720,116750,113320,113330,113220,113230,112760,112770,112700,112740
104480,104490,104430,104440,116750,116780,116720,116770,113230,113350,113230,113290,112720,112800,112720,112760
104450,104450,104420,104450,116790,116810,116770,116790,113290,113300,113230,113260,112750,112750,112690,112750
104450,104450,104450,104450,116790,116810,116780,116790,113260,113260,113110,113130,112760,112770,112680,112700
104470,104470,104470,104470,116790,116800,116710,116740,113120,113170,113110,113130,112690,112750,112670,112670
104420,104450,104420,104450,116720,116760,116700,116750,113120,113170,113110,113140,112670,112730,112650,112720
104400,104440,104400,104440,116750,116750,116690,116710,113140,113210,113140,113190,112700,112720,112640,112640
104450,104450,104410,104410,116730,116730,116620,116620,113200,113240,113100,113110,112650,112700,112630,112670
104390,104410,104390,104410,116620,116700,116620,116680,113110,113210,113100,113140,112680,112710,112660,112700
104350,104350,104340,104340,116690,116710,116650,116710,113140,113160,113050,113100,112700,112730,112640,112700
104340,104340,104300,104300,116720,116740,116690,116720,113100,113100,113000,113020,112690,112750,112660,112740
104310,104310,104230,104230,116730,116780,116720,116750,113010,113120,112980,113080,112740,112740,112650,112660
104230,104270,104230,104270,116770,116790,116740,116760,113080,113080,113030,113060,112660,112670,112590,112630
104270,104290,104270,104290,116750,116770,116740,116760,113060,113070,113010,113070,112620,112660,112610,112640
104280,104330,104270,104330,116750,116770,116750,116760,113060,113120,113040,113120,112640,112650,112610,112620
104340,104340,104340,104340,116750,116800,116750,116800,113120,113210,113110,113170,112610,112620,112550,112600
104330,104350,104320,104320,116800,116840,116790,116820,113180,113190,113080,113110,112600,112600,112570,112600
104340,104340,104340,104340,116810,116820,116770,116770,113110,113170,113090,113150,112600,112600,112530,112530
104330,104330,104330,104330,116770,116790,116740,116740,113140,113170,113140,113160,112530,112550,112510,112550
104340,104340,104340,104340,116760,116810,116740,116800,113170,113170,113120,113120,112530,112590,112530,112570
104340,104360,104340,104360,116800,116830,116780,116830,113120,113180,113120,113140,112570,112590,112530,112540
104300,104300,104300,104300,116830,116990,116830,116970,113130,113210,113120,113210,112560,112560,112510,112530
104280,104280,104280,104280,116980,117030,116930,117000,113210,113240,113160,113180,112540,112610,112530,112600
104260,104260,104250,104250,117000,117010,116920,116930,113180,113210,113130,113140,112600,112610,112550,112610
104250,104260,104230,104240,116930,116980,116920,116930,113150,113160,113070,113090,112600,112630,112580,112620
104240,104240,104210,104210,116940,117010,116940,117010,113100,113100,113040,113040,112610,112630,112530,112550
104210,104240,103970,104000,117010,117020,116920,116950,113040,113110,113030,113110,112560,112610,112540,112540
104000,104000,103900,103990,116950,117000,116930,116990,113120,113200,113110,113110,112540,112660,112540,112650
103970,104000,103970,104000,116970,116970,116890,116920,113110,113200,113080,113200,112660,112720,112630,112630
103940,103940,103930,103930,116930,116940,116900,116930,113200,113280,113180,113270,112630,112700,112630,112690
103900,103900,103790,103790,116940,116940,116880,116890,113250,113340,113250,113320,112690,112720,112670,112710
103770,103820,103760,103810,116890,116930,116880,116920,113330,113340,113250,113260,112700,112710,112650,112650
103820,103850,103820,103820,116900,116910,116870,116880,113260,113280,113210,113260,112650,112720,112650,112660
103850,103870,103850,103870,116880,116890,116850,116850,113250,113260,113210,113230,112660,112660,112590,112630
103860,103910,103850,103910,116860,116870,116810,116860,113230,113250,113210,113250,112630,112740,112610,112730
103910,103950,103910,103950,116860,116910,116840,116890,113260,113290,113190,113190,112730,112750,112710,112730
103900,103900,103900,103900,116890,116950,116860,116930,113200,113200,113110,113190,112720,112790,112660,112780
103930,103930,103930,103930,116940,116950,116850,116850,113190,113260,113170,113230,112780,112800,112750,112770
103960,103960,103930,103930,116850,116880,116820,116850,113220,113260,113200,113260,112770,112790,112740,112760
103960,103960,103960,103960,116860,116910,116860,116900,113260,113300,113210,113220,112750,112770,112720,112720
103990,104000,103990,104000,116900,116950,116880,116930,113220,113230,113160,113220,112720,112750,112700,112750
103940,103940,103900,103900,116920,116930,116850,116910,113200,113250,113200,113230,112740,112840,112740,112760
103880,103880,103880,103880,116900,116920,116880,116920,113220,113270,113180,113260,112770,112790,112740,112740
103870,103880,103870,103870,116920,116920,116880,116880,113260,113260,113210,113240,112740,112830,112740,112810
103830,103830,103830,103830,116870,116890,116850,116850,113210,113240,113200,113220,112790,112890,112760,112850
103910,103920,103860,103860,116870,116890,116820,116840,113230,113300,113220,113260,112860,112880,112830,112840
103820,103860,103820,103860,116820,116840,116670,116680,113280,113300,113230,113250,112850,112860,112810,112840
103870,103870,103870,103870,116680,116780,116680,116770,113250,113340,113230,113290,112830,112840,112800,112810
103840,103840,103790,103790,116760,116770,116690,116720,113290,113320,113260,113280,112800,112830,112780,112810
103760,103770,103760,103770,116700,116760,116700,116740,113290,113290,113170,113170,112810,112810,112770,112810
103750,103750,103700,103720,116750,116770,116710,116730,113190,113230,113180,113210,112810,112830,112770,112830
103710,103710,103690,103700,116740,116770,116710,116750,113220,113230,113180,113180,112830,112830,112760,112760
103660,103660,103510,103510,116740,116750,116690,116690,113180,113250,113160,113220,112760,112760,112720,112760
103560,103620,103540,103620,116700,116700,116550,116570,113230,113250,113200,113240,112760,112810,112760,112780
103560,103600,103550,103600,116570,116640,116560,116580,113250,113260,113230,113250,112790,112800,112740,112750
103630,103630,103630,103630,116590,116600,116470,116510,113240,113250,113150,113180,112750,112790,112740,112770
103600,103600,103600,103600,116510,116540,116420,116520,113180,113190,113110,113150,112780,112800,112750,112750
103590,103590,103580,103580,116510,116530,116460,116480,113130,113180,113070,113100,112760,112770,112740,112750
103550,103570,103550,103570,116490,116510,116440,116460,113110,113110,112990,113050,112760,112770,112740,112750
103600,103620,103600,103620,116460,116520,116460,116470,113060,113150,113050,113130,112740,112780,112710,112720
103610,103620,103610,103610,116490,116530,116490,116520,113120,113200,113110,113170,112720,112730,112630,112680
103610,103610,103610,103610,116510,116540,116470,116470,113160,113200,113140,113150,112680,112690,112630,112660
103600,103600,103600,103600,116470,116490,116410,116460,113160,113220,113160,113190,112660,112710,112650,112670
103620,103640,103620,103640,116460,116500,116430,116460,113190,113200,113120,113130,112660,112690,112650,112670
103630,103630,103630,103630,116470,116480,116380,116390,113140,113150,113110,113110,112680,112680,112630,112640
103630,103630,103630,103630,116390,116410,116270,116380,113110,113140,113090,113130,112630,112720,112630,112720
103660,103660,103660,103660,116380,116400,116330,116390,113120,113140,113040,113040,112710,112710,112640,112670
103700,103700,103700,103700,116400,116400,116310,116370,113040,113050,112950,112980,112670,112710,112650,112690
103690,103690,103690,103690,116370,116390,116310,116380,112980,113070,112980,113030,112700,112700,112650,112680
103640,103640,103640,103640,116380,116380,116340,116380,113030,113060,113030,113050,112680,112730,112680,112720
103700,103860,103700,103860,116380,116430,116360,116420,113050,113060,112950,112950,112730,112760,112710,112710
103870,103900,103870,103900,116410,116410,116320,116400,112950,113000,112890,112900,112720,112740,112690,112740
103950,103950,103900,103900,116380,116410,116340,116400,112890,112910,112840,112870,112750,112750,112680,112710
103920,103920,103920,103920,116400,116400,116280,116340,112850,112880,112810,112850,112710,112730,112680,112700
103930,103930,103930,103930,116350,116360,116280,116300,112870,112870,112780,112800,112690,112750,112680,112730
103880,103880,103880,103880,116300,116360,116300,116330,112800,112830,112770,112810,112740,112810,112740,112750
103880,103900,103880,103900,116330,116430,116330,116400,112800,112850,112780,112840,112750,112830,112750,112810
103860,103860,103860,103860,116410,116410,116360,116370,112840,112850,112800,112810,112810,112840,112780,112790
103860,103860,103860,103860,116370,116400,116330,116360,112810,112840,112780,112840,112780,112840,112770,112800
103910,103930,103910,103930,116380,116410,116330,116360,112840,112890,112800,112840,112790,112810,112740,112770
103920,103930,103920,103930,116370,116400,116300,116310,112840,112850,112820,112840,112780,112790,112730,112740
103900,103900,103900,103900,116310,116320,116140,116240,112830,112930,112820,112930,112740,112740,112640,112670
103960,103970,103880,103880,116240,116260,116160,116180,112930,112940,112880,112880,112650,112660,112610,112610
103900,103900,103900,103900,116200,116200,116140,116190,112890,112910,112850,112850,112620,112660,112600,112650
103900,103900,103900,103900,116180,116190,116120,116140,112860,112880,112810,112850,112660,112660,112630,112640
103870,103870,103860,103860,116150,116180,116120,116170,112860,112920,112850,112900,112640,112690,112630,112660
103860,103860,103830,103830,116180,116190,116050,116060,112900,112940,112870,112880,112670,112690,112650,112680
103820,103850,103820,103850,116070,116110,116000,116000,112880,112890,112850,112850,112670,112710,112670,112700
103860,103860,103860,103860,116000,116050,115940,116040,112850,112870,112780,112780,112690,112700,112670,112690
103840,103840,103840,103840,116040,116090,116000,116080,112790,112870,112780,112830,112680,112830,112680,112800
103830,103830,103830,103830,116070,116160,116070,116110,112820,112830,112740,112750,112790,112970,112790,112930
103860,103860,103860,103860,116110,116180,116100,116160,112740,112840,112730,112810,112930,113100,112920,112930
103830,103830,103820,103820,116160,116190,116140,116180,112800,112840,112780,112790,112940,113070,112940,113050
103750,103750,103750,103750,116180,116180,116140,116150,112790,112850,112770,112840,113060,113080,113000,113000
103730,103730,103730,103730,116150,116220,116150,116190,112830,112860,112830,112840,113010,113180,113000,113170
103770,103790,103770,103790,116190,116270,116190,116250,112850,112850,112790,112810,113150,113180,113080,113110
103780,103800,103780,103800,116250,116270,116140,116140,112810,112820,112720,112770,113120,113140,113080,113100
103840,103840,103840,103840,116150,116180,116100,116100,112760,112840,112760,112840,113100,113160,113070,113120
103780,103780,103780,103780,116100,116180,116090,116180,112840,112850,112810,112830,113130,113200,113110,113200
103810,103810,103810,103810,116180,116230,116160,116210,112840,112860,112820,112840,113200,113230,113150,113180
103800,103800,103800,103800,116210,116240,116150,116160,112830,112870,112810,112810,113190,113190,113120,113140
103780,103780,103780,103780,116170,116180,116090,116140,112810,112830,112760,112760,113160,113170,113110,113110
103750,103750,103750,103750,116140,116170,116120,116140,112780,112780,112740,112750,113110,113140,113080,113130
103730,103730,103730,103730,116130,116240,116090,116190,112770,112770,112670,112680,113140,113180,113130,113170
103740,103810,103740,103800,116190,116240,116190,116220,112680,112690,112600,112690,113180,113200,113160,113170
103830,103830,103830,103830,116220,116230,116180,116180,112680,112690,112610,112610,113180,113190,113140,113150
103790,103790,103790,103790,116180,116180,116130,116140,112610,112700,112590,112670,113140,113160,113120,113140
103700,103700,103690,103690,116140,116220,116140,116190,112660,112690,112630,112690,113150,113160,113130,113150
103650,103740,103650,103740,116180,116220,116180,116220,112690,112700,112650,112690,113150,113180,113130,113160
103690,103700,103690,103690,116210,116220,116180,116210,112680,112690,112610,112610,113160,113200,113150,113170
103620,103650,103590,103650,116200,116200,116100,116100,112610,112630,112560,112590,113180,113270,113150,113210
103700,103700,103700,103700,116100,116110,116030,116040,112570,112620,112560,112580,113220,113230,113170,113210
103690,103690,103650,103650,116040,116090,116010,116080,112580,112610,112540,112550,113210,113230,113190,113190
103680,103680,103660,103660,116070,116100,116040,116070,112550,112580,112510,112550,113200,113220,113190,113220
103660,103660,103660,103660,116070,116130,116070,116130,112540,112570,112440,112510,113210,113220,113160,113190
103630,103630,103630,103630,116120,116150,116090,116150,112520,112540,112460,112520,113180,113190,113150,113170
103580,103580,103390,103410,116140,116140,116020,116050,112520,112570,112460,112470,113170,113190,113150,113160
103430,103440,103410,103430,116070,116130,116070,116120,112470,112500,112430,112480,113160,113220,113160,113210
103420,103420,103420,103420,116120,116130,116080,116100,112460,112510,112460,112490,113210,113210,113160,113160
103430,103440,103400,103440,116100,116100,116050,116060,112490,112520,112480,112510,113170,113190,113170,113180
103440,103440,103440,103440,116070,116220,116070,116200,112510,112570,112500,112540,113180,113200,113180,113190
103400,103400,103400,103400,116180,116240,116170,116200,112530,112570,112500,112540,113200,113210,113170,113200
103390,103430,103390,103390,116190,116220,116150,116150,112540,112620,112500,112510,113200,113230,113190,113210
103400,103420,103390,103420,116150,116200,116130,116190,112510,112520,112400,112420,113210,113210,113170,113180
103370,103380,103370,103380,116170,116220,116110,116160,112420,112430,112260,112280,113180,113190,113150,113160
103420,103420,103380,103380,116160,116210,116150,116180,112270,112280,112200,112230,113160,113180,113150,113170
103330,103350,103310,103350,116170,116210,116160,116180,112230,112230,112180,112210,113180,113190,113120,113130
103370,103370,103290,103300,116200,116230,116170,116190,112220,112230,112160,112180,113130,113160,113120,113130
103280,103280,103280,103280,116200,116230,116170,116170,112160,112170,112110,112160,113140,113180,113140,113160
103250,103260,103240,103260,116170,116170,116110,116160,112160,112160,112060,112080,113160,113170,113140,113150
103280,103300,103280,103300,116180,116200,116160,116160,112090,112180,112060,112140,113150,113180,113140,113170
103300,103300,103300,103300,116150,116300,116150,116290,112150,112160,112070,112120,113160,113170,113130,113130
103340,103340,103340,103340,116290,116310,116260,116290,112110,112150,112070,112120,113130,113190,113130,113190
103320,103330,103320,103330,116300,116360,116280,116360,112100,112110,112070,112080,113180,113190,113170,113180
103380,103380,103380,103380,116350,116360,116290,116330,112090,112140,112070,112100,113170,113200,113170,113180
103370,103370,103370,103370,116350,116380,116320,116370,112110,112180,112090,112180,113180,113270,113170,113270
103350,103350,103330,103330,116370,116420,116340,116350,112180,112200,112150,112170,113270,113320,113220,113230
103390,103390,103390,103390,116370,116410,116350,116400,112190,112190,112130,112170,113230,113230,113180,113200
103400,103400,103350,103350,116410,116460,116390,116440,112160,112190,112160,112190,113210,113210,113160,113180
103350,103350,103350,103350,116440,116460,116400,116410,112180,112220,112170,112220,113170,113190,113160,113170
103370,103380,103370,103380,116410,116480,116410,116460,112210,112230,112190,112220,113170,113180,113140,113180
103360,103360,103360,103360,116450,116450,116380,116380,112210,112220,112160,112180,113170,113190,113150,113180
103320,103350,103310,103350,116390,116400,116360,116360,112180,112240,112180,112210,113170,113190,113170,113180
103350,103350,103350,103350,116360,116440,116360,116370,112200,112240,112170,112240,113180,113230,113170,113200
103310,103310,103270,103270,116380,116380,116360,116360,112240,112240,112190,112200,113200,113200,113170,113180
103250,103270,103240,103270,116380,116430,116370,116430,112200,112200,112120,112120,113190,113200,113130,113160
103220,103230,103160,103190,116410,116420,116270,116300,112130,112220,112120,112160,113180,113250,113170,113220
103150,103160,103040,103060,116300,116330,116280,116320,112140,112210,112120,112190,113210,113260,113210,113220
103070,103160,103070,103120,116300,116310,116240,116270,112190,112190,112090,112090,113220,113240,113190,113230
103140,103170,103140,103140,116260,116260,116130,116190,112100,112100,112000,112020,113240,113240,113200,113200
103140,103180,103130,103170,116190,116270,116180,116240,112010,112020,111880,111910,113200,113220,113180,113200
103160,103160,103080,103130,116240,116270,116190,116210,111900,111910,111820,111830,113190,113200,113120,113130
103130,103150,103130,103140,116210,116230,116150,116180,111820,111870,111800,111800,113140,113150,113130,113130
103180,103190,103140,103140,116170,116190,116140,116160,111810,111830,111710,111710,113140,113180,113140,113150
103190,103220,103190,103220,116140,116220,116130,116180,111710,111750,111680,111710,113150,113160,113140,113140
103270,103270,103260,103260,116180,116190,116060,116080,111700,111710,111640,111660,113140,113140,113120,113130
103300,103300,103300,103300,116090,116090,116000,116010,111650,111750,111600,111720,113120,113180,113120,113170
103290,103290,103250,103250,116020,116030,115870,115920,111720,111780,111710,111760,113180,113180,113140,113140
103260,103260,103190,103190,115920,115960,115900,115940,111760,111770,111680,111700,113160,113190,113140,113180
103150,103200,103100,103200,115950,115960,115910,115960,111700,111740,111660,111690,113170,113220,113160,113200
103210,103210,103130,103130,115960,115960,115900,115930,111700,111780,111630,111780,113210,113250,113180,113250
103140,103140,103070,103070,115920,115940,115760,115770,111770,111830,111730,111800,113250,113320,113230,113300
103080,103110,103060,103110,115770,115800,115720,115730,111810,112030,111770,111980,113290,113430,113290,113400
103120,103210,103120,103210,115730,115760,115640,115690,111990,111990,111880,111920,113390,113410,113330,113400
103230,103230,103230,103230,115690,115720,115650,115650,111920,112130,111920,112100,113400,113440,113360,113380
103250,103250,103250,103250,115650,115740,115640,115730,112100,112190,112080,112140,113380,113380,113320,113320
103220,103220,103200,103200,115730,115740,115640,115640,112150,112160,112030,112040,113320,113370,113310,113360
103210,103250,103210,103250,115660,115690,115600,115680,112040,112050,112000,112010,113350,113350,113310,113350
103250,103250,103230,103240,115680,115700,115660,115700,112000,112010,111920,111990,113360,113410,113350,113410
103240,103240,103170,103220,115690,115740,115690,115710,111980,112000,111930,111960,113420,113420,113350,113380
103210,103220,103200,103220,115690,115730,115680,115700,111960,111990,111920,111970,113360,113410,113360,113410
103240,103240,103240,103240,115690,115710,115630,115710,111980,112090,111970,112030,113410,113500,113400,113430
103250,103250,103250,103250,115710,115730,115640,115650,112040,112070,112010,112010,113420,113480,113410,113470
103250,103250,103250,103250,115660,115700,115640,115640,112010,112030,111910,111930,113460,113540,113450,113530
103240,103250,103240,103250,115650,115660,115620,115620,111920,112000,111920,112000,113530,113540,113460,113470
103300,103320,103300,103300,115630,115640,115600,115620,112000,112010,111920,111930,113480,113510,113450,113500
103230,103230,103220,103220,115620,115640,115610,115610,111920,111930,111750,111780,113500,113590,113490,113540
103270,103410,103260,103390,115620,115690,115600,115630,111780,111810,111730,111750,113530,113620,113520,113590
103390,103450,103370,103440,115650,115660,115610,115630,111740,111760,111580,111590,113580,113600,113540,113550
103440,103440,103420,103420,115630,115670,115520,115530,111600,111630,111380,111440,113560,113590,113540,113570
103380,103400,103370,103400,115530,115590,115510,115570,111440,111660,111410,111660,113570,113580,113520,113570
103390,103390,103310,103310,115580,115690,115570,115680,111660,111660,111500,111520,113570,113600,113550,113580
103340,103360,103340,103360,115680,115760,115650,115670,111520,111580,111460,111470,113570,113610,113560,113590
103370,103450,103370,103450,115660,115660,115610,115620,111470,111570,111450,111510,113580,113610,113560,113580
103410,103420,103410,103420,115620,115620,115460,115550,111510,111520,111420,111480,113590,113620,113580,113580
103490,103500,103490,103500,115560,115610,115520,115520,111480,111510,111340,111360,113580,113580,113540,113540
103430,103430,103430,103430,115510,115540,115490,115540,111350,111400,111240,111240,113550,113560,113520,113530
103380,103380,103370,103370,115550,115660,115490,115640,111250,111260,111160,111190,113550,113730,113550,113660
103360,103360,103360,103360,115640,115650,115610,115610,111180,111270,111100,111240,113670,113840,113660,113820
103340,103340,103300,103300,115610,115640,115570,115590,111220,111250,111170,111180,113830,113880,113810,113830
103270,103290,103260,103260,115600,115640,115550,115580,111170,111250,111120,111230,113840,113860,113780,113800
103280,103340,103280,103330,115590,115620,115540,115550,111240,111420,111220,111410,113800,113850,113720,113730
103290,103290,103230,103290,115550,115580,115490,115570,111400,111420,111350,111370,113740,113770,113730,113750
103310,103350,103310,103310,115550,115650,115530,115630,111370,111370,111230,111250,113740,113820,113730,113750
103300,103300,103300,103300,115640,115650,115600,115600,111250,111350,111230,111340,113740,113780,113710,113710
103330,103330,103330,103330,115600,115680,115590,115650,111330,111370,111270,111370,113720,113740,113710,113720
103400,103450,103400,103450,115650,115660,115510,115580,111370,111380,111310,111380,113710,113740,113710,113720
103410,103410,103410,103410,115570,115590,115490,115580,111380,111380,111300,111300,113730,113780,113730,113740
103440,103450,103440,103440,115570,115600,115540,115570,111300,111330,111290,111310,113750,113790,113710,113710
103450,103460,103450,103460,115560,115560,115480,115520,111310,111370,111250,111370,113720,113730,113700,113720
103450,103460,103400,103400,115520,115530,115430,115430,111350,111380,111290,111360,113730,113780,113700,113740
103420,103420,103380,103380,115440,115480,115410,115450,111350,111390,111310,111380,113730,113870,113720,113810
103380,103380,103350,103350,115450,115490,115350,115410,111370,111510,111370,111480,113800,113820,113730,113740
103350,103350,103340,103340,115420,115430,115380,115390,111480,111530,111440,111480,113730,113740,113690,113690
103340,103350,103310,103350,115390,115430,115380,115430,111500,111560,111490,111560,113690,113720,113670,113690
103330,103330,103320,103330,115430,115520,115430,115510,111560,111570,111460,111490,113710,113720,113640,113640
103320,103320,103290,103290,115510,115530,115430,115440,111480,111490,111440,111460,113630,113700,113630,113670
103270,103270,103270,103270,115450,115530,115450,115520,111460,111470,111400,111430,113670,113690,113650,113650
103280,103330,103280,103330,115520,115550,115510,115540,111430,111510,111390,111510,113650,113660,113610,113640
103360,103360,103350,103350,115540,115590,115500,115570,111500,111510,111450,111470,113640,113660,113610,113660
103300,103320,103300,103320,115580,115580,115500,115510,111480,111480,111430,111450,113660,113690,113650,113690
103300,103300,103290,103290,115510,115510,115410,115420,111450,111460,111410,111460,113690,113730,113650,113660
103300,103320,103290,103320,115420,115440,115280,115380,111450,111450,111380,111410,113680,113700,113640,113660
103310,103310,103310,103310,115380,115410,115360,115380,111410,111420,111330,111370,113670,113680,113610,113680
103340,103350,103340,103350,115370,115410,115330,115340,111370,111420,111350,111400,113680,113700,113650,113690
103330,103330,103330,103330,115340,115360,115260,115300,111400,111410,111350,111360,113690,113710,113670,113670
103300,103300,103160,103160,115300,115310,115200,115270,111360,111420,111330,111410,113660,113700,113650,113680
103170,103220,103120,103220,115280,115380,115270,115360,111410,111440,111400,111400,113680,113740,113670,113730
103210,103300,103210,103300,115360,115360,115330,115350,111410,111450,111390,111390,113740,113740,113700,113720
103290,103290,103290,103290,115350,115360,115280,115330,111400,111450,111350,111430,113710,113750,113700,113730
103320,103320,103320,103320,115320,115390,115300,115380,111440,111480,111420,111470,113730,113730,113620,113630
103320,103330,103300,103330,115380,115390,115340,115380,111460,111510,111440,111450,113640,113700,113630,113680
103380,103380,103350,103350,115380,115380,115280,115320,111440,111510,111430,111500,113670,113700,113670,113690
103400,103450,103400,103410,115320,115330,115290,115320,111490,111500,111420,111430,113690,113710,113660,113690
103390,103390,103370,103380,115330,115360,115320,115340,111430,111460,111400,111440,113690,113700,113670,113680
103410,103410,103410,103410,115340,115400,115340,115370,111440,111450,111420,111440,113680,113700,113660,113660
103400,103520,103380,103440,115370,115400,115340,115350,111440,111440,111380,111430,113670,113700,113670,113690
103400,103480,103400,103470,115350,115410,115350,115380,111420,111420,111380,111410,113700,113750,113700,113710
103480,103480,103460,103460,115370,115440,115350,115430,111410,111470,111410,111460,113710,113750,113660,113670
103450,103460,103450,103450,115420,115520,115410,115490,111460,111460,111410,111440,113670,113710,113660,113680
103440,103440,103440,103440,115490,115490,115430,115440,111460,111470,111410,111420,113700,113700,113610,113620
103480,103480,103470,103470,115440,115440,115390,115400,111420,111440,111390,111390,113610,113630,113590,113620
103500,103650,103500,103650,115400,115470,115390,115460,111390,111430,111380,111390,113620,113650,113610,113610
103650,103720,103650,103660,115440,115480,115430,115460,111410,111440,111380,111400,113620,113620,113580,113590
103650,103650,103590,103590,115460,115470,115410,115460,111410,111410,111310,111320,113590,113610,113580,113610
103620,103620,103570,103580,115460,115570,115460,115550,111310,111370,111300,111330,113610,113630,113570,113580
103580,103580,103570,103570,115550,115580,115520,115520,111320,111400,111310,111370,113590,113640,113580,113630
103560,103560,103530,103530,115520,115530,115510,115510,111370,111400,111340,111350,113640,113690,113630,113660
103510,103510,103440,103500,115510,115520,115470,115520,111330,111470,111300,111450,113660,113670,113630,113630
103500,103590,103500,103590,115500,115510,115450,115460,111450,111490,111440,111480,113640,113650,113600,113610
103570,103570,103570,103570,115470,115490,115420,115460,111480,111520,111460,111480,113620,113640,113610,113620
103600,103840,103600,103840,115460,115470,115440,115450,111500,111540,111480,111520,113640,113660,113630,113630
103870,103920,103770,103780,115450,115480,115430,115450,111500,111500,111430,111440,113630,113630,113590,113600
103780,103780,103760,103760,115450,115500,115440,115480,111440,111460,111400,111460,113610,113620,113590,113600
103750,103750,103750,103750,115480,115480,115440,115480,111450,111500,111440,111450,113610,113680,113610,113650
103760,103760,103750,103750,115480,115480,115420,115460,111460,111470,111410,111460,113640,113660,113620,113620
103760,103800,103720,103790,115470,115500,115450,115490,111450,111460,111420,111420,113610,113670,113610,113650
103800,103820,103780,103820,115480,115520,115470,115510,111420,111440,111400,111410,113660,113720,113650,113660
103830,103830,103830,103830,115520,115590,115520,115570,111420,111490,111400,111460,113660,113660,113640,113650
103800,103800,103790,103790,115570,115650,115550,115610,111460,111490,111450,111480,113660,113670,113640,113650
103770,103770,103730,103730,115600,115620,115570,115600,111490,111500,111440,111480,113660,113710,113660,113690
103690,103690,103690,103690,115600,115660,115580,115590,111470,111520,111460,111490,113700,113730,113670,113700
103690,103760,103690,103760,115580,115580,115500,115550,111500,111500,111430,111450,113700,113700,113660,113660
103800,103800,103770,103780,115560,115570,115520,115560,111440,111510,111440,111500,113670,113700,113660,113670
103780,103810,103780,103810,115560,115560,115520,115540,111500,111540,111500,111530,113680,113720,113680,113700
103840,103850,103800,103800,115540,115630,115540,115590,111530,111550,111500,111500,113710,113710,113680,113690
103800,103800,103780,103780,115590,115660,115560,115610,111510,111550,111500,111520,113690,113700,113650,113660
103800,103830,103800,103800,115620,115660,115610,115640,111540,111540,111520,111540,113650,113670,113630,113640
103850,103850,103840,103840,115630,115660,115600,115610,111550,111570,111540,111550,113640,113680,113640,113680
103880,103880,103860,103860,115610,115630,115580,115580,111540,111550,111510,111520,113680,113700,113660,113680
103870,103870,103850,103850,115590,115640,115580,115640,111520,111540,111500,111500,113680,113690,113630,113650
103890,103940,103890,103900,115620,115640,115600,115620,111500,111530,111500,111520,113650,113680,113620,113630
103930,104060,103930,104030,115620,115630,115600,115610,111520,111570,111490,111530,113620,113650,113600,113620
104000,104020,103980,103980,115610,115650,115610,115620,111540,111630,111530,111630,113620,113660,113600,113600
104020,104020,104000,104000,115620,115640,115560,115570,111630,111630,111540,111540,113610,113640,113610,113620
104050,104120,104050,104110,115560,115600,115540,115540,111550,111650,111530,111630,113630,113650,113630,113630
104130,104140,104100,104100,115560,115570,115500,115500,111610,111620,111520,111540,113630,113680,113630,113680
104090,104090,104060,104080,115500,115520,115460,115460,111550,111560,111510,111520,113680,113680,113610,113620
104060,104060,104050,104050,115460,115580,115440,115550,111510,111540,111470,111490,113620,113620,113580,113590
104040,104080,104040,104080,115560,115620,115520,115610,111500,111520,111480,111490,113600,113610,113590,113600
104000,104000,104000,104000,115600,115620,115570,115570,111490,111510,111440,111500,113590,113620,113590,113620
103990,104020,103990,103990,115580,115580,115500,115520,111500,111510,111420,111440,113620,113690,113620,113670
103950,103950,103950,103950,115500,115540,115470,115530,111440,111490,111420,111450,113680,113710,113650,113660
103950,103950,103950,103950,115520,115540,115500,115530,111460,111520,111460,111490,113650,113690,113640,113650
103960,103980,103960,103980,115510,115510,115400,115410,111500,111500,111460,111470,113650,113650,113610,113630
103970,103970,103900,103900,115420,115430,115290,115300,111460,111470,111420,111420,113630,113720,113630,113700
103870,103990,103870,103960,115300,115360,115280,115310,111420,111430,111350,111380,113700,113720,113650,113700
103920,103920,103920,103920,115300,115340,115300,115330,111390,111430,111380,111430,113690,113690,113670,113680
103870,103880,103780,103800,115330,115330,115240,115300,111430,111440,111390,111410,113670,113680,113660,113660
103790,103840,103790,103790,115310,115320,115280,115320,111400,111490,111400,111480,113660,113660,113620,113620
103820,103820,103820,103820,115320,115340,115290,115340,111480,111560,111470,111520,113630,113720,113610,113700
103810,103810,103810,103810,115330,115410,115330,115360,111530,111550,111510,111520,113700,113750,113690,113750
103750,103760,103720,103760,115360,115490,115360,115440,111520,111580,111510,111560,113740,113790,113690,113770
103750,103750,103750,103750,115440,115450,115390,115420,111560,111580,111540,111570,113770,113770,113730,113770
103800,103830,103800,103830,115420,115430,115390,115410,111570,111570,111540,111550,113770,113780,113720,113750
103900,103910,103900,103910,115420,115480,115410,115460,111550,111570,111530,111530,113760,113820,113750,113770
103970,103970,103930,103930,115470,115550,115460,115550,111540,111550,111490,111510,113780,113850,113780,113850
103990,104000,103990,103990,115540,115560,115480,115500,111500,111520,111470,111520,113850,114000,113850,113980
104040,104050,104040,104050,115490,115520,115470,115520,111530,111540,111510,111530,113990,114040,113960,113970
104090,104230,104090,104180,115520,115520,115410,115450,111530,111530,111500,111520,113970,113980,113920,113930
104180,104180,104130,104130,115450,115470,115420,115440,111520,111550,111510,111540,113930,113950,113900,113900
104110,104110,104100,104100,115440,115490,115360,115410,111540,111550,111450,111480,113920,113960,113910,113920
104050,104050,104050,104050,115410,115470,115400,115440,111480,111510,111460,111500,113930,113930,113910,113930
104150,104150,104130,104130,115430,115520,115400,115430,111480,111480,111440,111470,113910,113950,113890,113950
104130,104200,104130,104170,115430,115540,115430,115530,111460,111460,111410,111420,113960,114000,113890,113930
104160,104160,104160,104160,115540,115650,115540,115640,111430,111450,111370,111400,113940,113980,113890,113930
104180,104180,104180,104180,115620,115650,115580,115640,111400,111460,111390,111440,113930,113990,113930,113980
104180,104180,104180,104180,115630,115650,115550,115570,111450,111500,111430,111490,113980,113980,113850,113890
104160,104190,104140,104140,115570,115580,115540,115540,111490,111500,111450,111480,113910,113940,113890,113920
104200,104200,104190,104190,115540,115720,115530,115650,111480,111500,111470,111480,113910,113930,113890,113910
104250,104270,104230,104250,115650,115660,115610,115610,111490,111510,111480,111510,113910,113930,113880,113930
104270,104270,104230,104250,115600,115600,115440,115460,111510,111530,111490,111530,113920,113940,113880,113900
104300,104340,104290,104330,115460,115520,115450,115500,111520,111730,111520,111710,113890,113940,113870,113940
104330,104330,104260,104260,115490,115530,115480,115510,111720,111730,111630,111630,113920,113970,113910,113950
104260,104270,104250,104270,115510,115610,115480,115580,111640,111700,111630,111680,113960,114010,113960,114000
104200,104200,104200,104200,115580,115600,115530,115550,111690,111800,111680,111740,113990,114000,113950,114000
104260,104260,104240,104240,115560,115560,115420,115430,111750,111760,111700,111710,114000,114030,113950,113950
104290,104290,104290,104290,115420,115460,115330,115350,111720,111750,111670,111670,113950,113970,113930,113960
104300,104300,104300,104300,115350,115390,115300,115350,111690,111690,111570,111620,113940,113960,113930,113930
104300,104300,104300,104300,115340,115340,115260,115320,111630,111680,111610,111670,113930,113940,113900,113910
104300,104300,104300,104300,115310,115340,115250,115320,111670,111680,111620,111640,113910,113940,113880,113900
104310,104310,104290,104290,115320,115360,115250,115360,111630,111630,111540,111580,113890,113920,113880,113900
104320,104320,104310,104310,115360,115420,115350,115390,111580,111620,111520,111580,113910,113910,113850,113850
104340,104340,104310,104310,115390,115410,115360,115360,111590,111610,111500,111510,113850,113870,113820,113860
104350,104350,104350,104350,115380,115430,115320,115420,111510,111600,111500,111600,113860,113890,113860,113880
104350,104400,104350,104380,115420,115510,115410,115460,111600,111640,111590,111640,113880,113890,113830,113850
104370,104370,104370,104370,115440,115470,115390,115400,111630,111640,111560,111560,113840,113860,113820,113830
104330,104400,104330,104400,115390,115480,115370,115460,111560,111560,111470,111480,113820,113860,113810,113820
104390,104430,104390,104410,115470,115470,115390,115440,111480,111510,111430,111490,113820,113860,113820,113850
104390,104440,104390,104390,115420,115450,115330,115350,111500,111570,111490,111510,113850,113870,113840,113870
104370,104370,104350,104350,115350,115350,115280,115310,111510,111550,111490,111550,113870,113870,113840,113850
104360,104360,104350,104360,115310,115340,115100,115180,111550,111560,111380,111420,113840,113890,113830,113880
104340,104360,104340,104360,115180,115240,115170,115230,111430,111500,111390,111480,113880,113920,113880,113920
104420,104420,104420,104420,115220,115270,115200,115260,111470,111510,111430,111490,113900,113920,113880,113880
104400,104400,104370,104370,115260,115300,115210,115230,111490,111640,111480,111640,113880,113890,113850,113880
104370,104370,104370,104370,115230,115250,115170,115240,111640,111780,111630,111750,113870,113880,113840,113850
104400,104400,104360,104360,115230,115250,115150,115160,111760,111760,111680,111680,113860,113880,113850,113860
104430,104430,104400,104420,115150,115220,115120,115120,111680,111730,111660,111690,113870,113870,113830,113830
104450,104450,104440,104440,115120,115160,115070,115110,111690,111710,111630,111640,113830,113870,113810,113850
104380,104440,104370,104440,115110,115120,114980,115040,111650,111710,111640,111700,113860,113930,113850,113910
104480,104810,104480,104660,115030,115140,115030,115100,111700,111790,111670,111770,113910,113930,113900,113910
104690,104740,104670,104690,115100,115150,115090,115110,111780,111840,111750,111770,113910,113950,113910,113930
104670,104670,104620,104620,115120,115120,114960,114970,111770,111780,111680,111720,113920,113920,113870,113890
104620,104620,104620,104620,114980,115070,114960,115040,111740,111740,111680,111700,113900,113930,113890,113920
104610,104610,104610,104610,115040,115040,114970,115030,111710,111730,111680,111710,113920,113990,113910,113970
104610,104670,104600,104600,115020,115040,114980,115020,111700,111710,111600,111620,113980,114000,113940,113970
104640,104640,104550,104600,115030,115250,115020,115200,111620,111680,111610,111680,113980,113980,113920,113940
104600,104600,104600,104600,115180,115230,115170,115190,111680,111700,111630,111630,113940,113950,113900,113910
104580,104600,104580,104600,115170,115230,115130,115190,111620,111640,111540,111580,113890,113920,113890,113910
104600,104620,104600,104620,115190,115220,115160,115180,111570,111610,111560,111580,113910,113950,113890,113940
104580,104580,104550,104560,115190,115290,115190,115260,111590,111590,111530,111580,113950,113960,113900,113900
104590,104670,104580,104600,115260,115270,115160,115220,111580,111580,111510,111540,113910,113920,113870,113890
104570,104600,104570,104600,115230,115280,115210,115280,111550,111560,111510,111510,113890,113930,113870,113880
104610,104670,104610,104670,115270,115340,115250,115270,111510,111560,111500,111550,113880,113930,113870,113920
104600,104600,104600,104600,115270,115320,115260,115280,111550,111590,111520,111590,113930,113950,113920,113940
104570,104570,104570,104570,115280,115360,115280,115360,111590,111610,111490,111520,113950,113950,113910,113910
104600,104600,104560,104560,115360,115380,115280,115300,111530,111570,111520,111540,113920,113980,113920,113950
104560,104560,104560,104560,115300,115360,115290,115360,111530,111530,111500,111510,113960,113980,113920,113920
104510,104550,104500,104500,115360,115390,115300,115370,111510,111560,111500,111540,113920,113940,113910,113920
104500,104510,104500,104510,115380,115470,115370,115430,111550,111580,111540,111570,113920,113960,113910,113930
104510,104510,104510,104510,115430,115430,115340,115390,111570,111570,111460,111480,113940,113950,113900,113910
104510,104510,104510,104510,115400,115470,115340,115400,111480,111500,111350,111400,113910,113940,113850,113890
104500,104500,104500,104500,115400,115480,115360,115460,111400,111430,111330,111390,113900,113900,113830,113830
104520,104520,104520,104520,115470,115640,115430,115600,111380,111480,111280,111410,113830,113840,113740,113770
104490,104550,104470,104550,115610,115640,115590,115620,111420,111570,111400,111500,113770,113890,113770,113880
104550,104560,104550,104560,115620,115640,115590,115610,111500,111510,111430,111460,113880,113930,113830,113880
104640,104700,104640,104700,115620,115690,115600,115690,111460,111460,111400,111460,113890,113950,113870,113920
104700,104700,104640,104640,115690,115830,115690,115730,111460,111520,111430,111430,113920,113920,113810,113810
104660,104660,104660,104660,115750,115810,115730,115770,111430,111430,111360,111380,113810,113890,113810,113880
104680,104680,104680,104680,115770,115790,115710,115730,111380,111410,111330,111390,113890,113920,113770,113770
104620,104620,104620,104620,115730,115750,115650,115670,111370,111420,111270,111310,113780,113800,113690,113690
104610,104610,104610,104610,115670,115760,115630,115760,111310,111360,111300,111330,113680,113720,113670,113690
104650,104650,104650,104650,115770,115820,115730,115790,111320,111360,111290,111300,113710,113740,113680,113700
104680,104720,104680,104720,115800,115890,115800,115830,111290,111370,111270,111360,113710,113710,113640,113670
104670,104670,104670,104670,115830,115850,115770,115820,111360,111370,111180,111230,113670,113750,113670,113690
104650,104650,104630,104630,115830,115880,115800,115820,111230,111240,111180,111190,113710,113710,113660,113670
104620,104620,104620,104620,115830,115920,115820,115880,111180,111250,111170,111220,113680,113700,113540,113550
104640,104640,104640,104640,115880,115900,115820,115840,111210,111260,111200,111200,113550,113560,113450,113490
104670,104670,104670,104670,115830,115850,115760,115780,111200,111260,111190,111240,113480,113550,113470,113520
104640,104670,104630,104640,115780,115870,115780,115830,111250,111350,111250,111300,113500,113550,113490,113510
104630,104650,104630,104650,115850,115890,115820,115840,111300,111390,111290,111380,113510,113530,113450,113460
104650,104700,104650,104700,115840,115860,115720,115730,111390,111410,111310,111310,113450,113460,113410,113420
104650,104650,104650,104650,115750,115790,115690,115700,111320,111420,111310,111390,113420,113530,113420,113520
104640,104640,104640,104640,115690,115750,115680,115740,111400,111410,111210,111210,113520,113590,113480,113580
104620,104620,104620,104620,115740,115770,115710,115750,111220,111320,111090,111250,113580,113600,113530,113530
104630,104700,104630,104700,115740,115780,115660,115670,111250,111280,111190,111200,113540,113590,113510,113520
104670,104670,104670,104670,115670,115830,115670,115710,111200,111240,111180,111210,113520,113570,113520,113540
104640,104640,104450,104530,115730,115780,115710,115760,111190,111220,111160,111220,113540,113580,113460,113530
104580,104580,104540,104540,115780,115780,115660,115700,111210,111210,111170,111170,113530,113590,113520,113530
104500,104500,104370,104370,115700,115730,115620,115670,111160,111170,111100,111140,113530,113540,113440,113450
104430,104500,104430,104500,115660,115670,115510,115550,111130,111180,111120,111170,113470,113490,113460,113470
104490,104490,104490,104490,115550,115630,115540,115570,111160,111340,111130,111330,113470,113580,113460,113580
104430,104490,104430,104460,115570,115600,115520,115520,111330,111350,111280,111300,113580,113680,113560,113660
104470,104470,104470,104470,115530,115570,115480,115520,111300,111320,111250,111260,113660,113690,113610,113640
104480,104480,104470,104470,115500,115620,115490,115620,111260,111350,111240,111320,113630,113680,113620,113660
104480,104480,104470,104470,115620,115640,115530,115560,111310,111350,111270,111320,113660,113710,113650,113660
104450,104450,104450,104450,115570,115600,115520,115540,111320,111390,111320,111350,113660,113700,113660,113690
104460,104460,104460,104460,115530,115550,115420,115460,111340,111480,111340,111470,113690,113710,113570,113580
104460,104460,104460,104460,115460,115520,115460,115480,111470,111480,111390,111400,113590,113640,113560,113590
104470,104470,104460,104460,115470,115520,115460,115500,111390,111400,111350,111360,113580,113610,113530,113540
104540,104540,104540,104540,115500,115510,115330,115340,111350,111360,111250,111260,113530,113580,113520,113520
104550,104550,104550,104550,115340,115470,115340,115470,111250,111320,111240,111300,113520,113530,113270,113300
104520,104520,104520,104520,115480,115500,115330,115400,111290,111330,111250,111270,113300,113310,113210,113210
104480,104480,104480,104480,115400,115470,115400,115440,111270,111300,111240,111280,113210,113370,113160,113330
104440,104440,104440,104440,115450,115460,115430,115440,111280,111290,111220,111250,113330,113350,113280,113280
104380,104420,104370,104380,115450,115510,115410,115490,111250,111300,111250,111300,113270,113330,113270,113330
104360,104360,104340,104350,115500,115680,115500,115620,111300,111310,111230,111270,113320,113340,113290,113310
104360,104360,104350,104350,115630,115660,115560,115580,111280,111340,111250,111330,113320,113370,113290,113360
104370,104370,104370,104370,115570,115640,115550,115620,111330,111360,111290,111310,113360,113380,113340,113350
104370,104370,104370,104370,115630,115630,115530,115550,111320,111380,111300,111360,113350,113370,113310,113340
104390,104420,104390,104420,115550,115550,115510,115540,111360,111380,111320,111370,113350,113410,113330,113390
104450,104450,104400,104400,115540,115650,115520,115610,111380,111420,111350,111350,113380,113410,113350,113350
104400,104400,104400,104400,115620,115640,115580,115580,111350,111410,111340,111360,113340,113380,113330,113340
104430,104430,104430,104430,115600,115610,115570,115580,111360,111360,110920,110960,113340,113360,113320,113350
104400,104400,104400,104400,115580,115600,115530,115560,110970,111130,110950,111120,113340,113360,113270,113290
104420,104420,104420,104420,115570,115610,115510,115600,111130,111150,111090,111130,113280,113380,113270,113380
104470,104470,104470,104470,115610,115660,115600,115630,111140,111230,111110,111200,113370,113380,113330,113330
104500,104500,104500,104500,115630,115680,115600,115650,111200,111230,111190,111230,113320,113380,113300,113300
104490,104490,104490,104490,115640,115670,115600,115670,111220,111250,111170,111220,113300,113340,113280,113300
104530,104540,104500,104500,115660,115780,115640,115730,111200,111230,111170,111210,113300,113350,113290,113290
104540,104540,104540,104540,115710,115800,115690,115730,111220,111340,111210,111320,113290,113350,113290,113340
104540,104540,104540,104540,115740,115770,115670,115690,111320,111370,111280,111350,113330,113380,113320,113340
104530,104570,104530,104570,115690,115730,115660,115730,111360,111440,111340,111400,113330,113350,113270,113290
104580,104590,104570,104570,115730,115730,115600,115650,111400,111490,111400,111470,113300,113310,113230,113290
104570,104600,104570,104600,115650,115690,115650,115650,111470,111550,111440,111480,113280,113310,113250,113250
104640,104640,104590,104590,115660,115710,115580,115620,111480,111490,111430,111460,113260,113290,113170,113230
104630,104630,104630,104630,115620,115630,115460,115480,111460,111570,111460,111550,113220,113230,113080,113100
104630,104650,104630,104650,115490,115650,115460,115640,111560,111610,111540,111600,113090,113170,113050,113170
104630,104630,104630,104630,115640,115660,115580,115610,111600,111640,111580,111640,113170,113190,113120,113130
104650,104650,104650,104650,115620,115730,115620,115670,111630,111650,111590,111640,113130,113190,113130,113170
104630,104630,104630,104630,115640,115700,115640,115670,111640,111690,111630,111640,113160,113210,113140,113150
104610,104610,104600,104600,115670,115730,115670,115690,111660,111710,111580,111620,113150,113290,113140,113290
104600,104600,104590,104590,115690,115710,115660,115690,111630,111680,111580,111580,113280,113310,113250,113260
104580,104580,104580,104580,115670,115720,115670,115680,111580,111620,111560,111590,113270,113280,113220,113220
104580,104580,104580,104580,115680,115680,115630,115640,111580,111610,111530,111530,113230,113230,113200,113200
104590,104590,104590,104590,115650,115710,115640,115700,111550,111550,111460,111530,113190,113220,113130,113180
104680,104720,104680,104720,115660,115810,115660,115770,111510,111510,111510,111510,113140,113140,112720,113010
104750,104750,104740,104740,115770,115980,115770,115910,111420,111700,111400,111620,113020,113030,112900,112950
104760,104760,104760,104760,115910,116030,115890,115930,111620,111640,111530,111540,112950,112970,112880,112920
104750,104800,104750,104800,115940,115970,115900,115930,111550,111590,111530,111560,112910,112970,112900,112960
104780,104780,104780,104780,115930,115940,115830,115850,111550,111600,111530,111560,112950,112980,112920,112950
104810,104930,104810,104830,115860,115870,115720,115730,111560,111570,111500,111530,112930,112940,112880,112910
104850,104850,104850,104850,115740,115740,115660,115660,111530,111530,111450,111500,112900,112930,112850,112920
104850,104860,104850,104860,115660,115730,115660,115720,111490,111550,111480,111500,112930,113000,112910,112990
104870,104930,104870,104900,115710,115860,115710,115830,111510,111580,111510,111570,112990,113010,112960,112970
104850,104850,104850,104850,115820,115840,115750,115790,111560,111570,111480,111490,112960,113010,112960,112990
104880,104880,104880,104880,115790,115810,115740,115780,111480,111510,111400,111420,112980,113030,112960,112980
104880,104890,104880,104890,115780,115800,115760,115800,111420,111450,111350,111430,112970,112970,112900,112930
104880,104880,104880,104880,115800,115910,115800,115910,111420,111430,111390,111420,112920,112920,112810,112820
104920,104940,104920,104920,115910,115980,115830,115900,111420,111470,111390,111420,112810,112870,112770,112770
104880,104880,104880,104880,115900,115930,115810,115810,111420,111430,111380,111410,112780,112800,112650,112670
104930,104930,104930,104930,115810,115830,115760,115760,111400,111490,111390,111450,112650,112770,112650,112720
104930,104930,104930,104930,115760,115790,115710,115770,111450,111580,111440,111540,112730,112780,112710,112780
104920,104920,104920,104920,115770,115770,115670,115680,111540,111540,111450,111470,112760,112820,112730,112730
104920,104920,104920,104920,115670,115700,115600,115660,111500,111510,111450,111480,112740,112770,112700,112750
104920,104920,104920,104920,115640,115640,115550,115570,111480,111480,111400,111410,112740,112770,112710,112760
104900,104900,104900,104900,115570,115640,115520,115640,111410,111450,111400,111450,112750,112790,112730,112750
104910,104910,104900,104900,115620,115670,115610,115660,111460,111500,111440,111480,112770,112780,112660,112710
104890,105090,104890,105090,115650,115660,115630,115640,111480,111560,111480,111530,112710,112760,112700,112750
105080,105080,105080,105080,115640,115680,115620,115630,111520,111550,111500,111520,112750,112840,112740,112810
105070,105130,105070,105130,115640,115770,115640,115690,111520,111530,111410,111410,112790,112840,112770,112810
105110,105150,105110,105150,115710,115820,115680,115770,111400,111420,111330,111410,112820,112830,112760,112770
105100,105100,105100,105100,115770,115820,115760,115820,111400,111420,111330,111420,112790,112810,112760,112780
105100,105110,105100,105100,115820,115840,115770,115770,111410,111460,111370,111430,112780,112790,112710,112710
105150,105190,105150,105190,115770,115780,115760,115770,111430,111470,111410,111420,112720,112770,112710,112750
105200,105200,105180,105180,115770,115770,115720,115720,111420,111470,111410,111470,112750,112780,112720,112720
105180,105180,105180,105180,115720,115740,115670,115690,111480,111520,111460,111500,112720,112790,112680,112690
105180,105200,105180,105200,115690,115740,115690,115700,111500,111660,111490,111610,112680,112700,112550,112630
,,,,115710,115740,115700,115730,111620,111680,111620,111670,112620,112640,112570,112610
,,,,115720,115720,115700,115710,111670,111770,111660,111720,112590,112610,112580,112580
,,,,115700,115700,115640,115700,111720,111720,111610,111620,112580,112600,112520,112590
,,,,115700,115760,115700,115710,111620,111630,111570,111580,112580,112620,112550,112580
,,,,115700,115750,115700,115750,111570,111610,111520,111600,112570,112580,112520,112540
,,,,115760,115790,115750,115750,111600,111680,111580,111640,112530,112570,112500,112540
,,,,115750,115810,115750,115780,111640,111640,111490,111500,112550,112590,112520,112590
,,,,115750,115760,115720,115730,111500,111580,111490,111510,112580,112600,112570,112600
,,,,115740,115750,115700,115700,111520,111610,111490,111580,112590,112630,112560,112590
,,,,115700,115730,115670,115670,111580,111580,111530,111540,112600,112630,112560,112570
,,,,115670,115680,115550,115580,111550,111590,111480,111500,112560,112560,112500,112500
,,,,115590,115590,115530,115560,111500,111530,111480,111500,112500,112530,112470,112510
,,,,115580,115590,115470,115510,111500,111540,111460,111470,112500,112570,112470,112530
,,,,115500,115510,115420,115480,111470,111500,111420,111490,112530,112540,112460,112530
,,,,115480,115560,115450,115520,111480,111520,111450,111480,112520,112550,112410,112430
,,,,115520,115590,115500,115560,111460,111460,111390,111400,112440,112520,112400,112520
,,,,115560,115590,115530,115570,111410,111420,111340,111350,112510,112560,112500,112540
,,,,115570,115580,115510,115570,111340,111360,111280,111290,112520,112550,112490,112520
,,,,115570,115620,115560,115560,111270,111380,111250,111350,112510,112630,112500,112620
,,,,115580,115610,115570,115570,111350,111450,111340,111440,112630,112640,112570,112580
,,,,115580,115710,115570,115630,111430,111470,111370,111370,112580,112590,112520,112530
,,,,115640,115640,115590,115600,111380,111450,111380,111440,112540,112600,112520,112580
,,,,115620,115660,115610,115640,111440,111470,111440,111460,112590,112650,112570,112640
,,,,115610,115620,115610,115610,111450,111460,111400,111430,112630,112640,112580,112610
,,,,115620,115670,115610,115640,111420,111460,111390,111400,112600,112620,112580,112610
,,,,115610,115670,115590,115650,111390,111470,111390,111390,112610,112650,112610,112630
,,,,115620,115650,115620,115650,111380,111420,111360,111380,112640,112740,112630,112730
,,,,115620,115640,115620,115630,111390,111410,111360,111390,112720,112780,112700,112720
,,,,115610,115610,115540,115550,111380,111390,111310,111350,112720,112730,112680,112700
,,,,115550,115570,115520,115540,111340,111410,111340,111360,112690,112710,112600,112600
,,,,115540,115550,115470,115530,111370,111400,111370,111370,112610,112650,112550,112580
,,,,115550,115560,115500,115500,111390,111430,111370,111420,112570,112630,112570,112630
,,,,115510,115560,115490,115500,111420,111470,111390,111450,112610,112610,112390,112440
,,,,115490,115540,115480,115540,111440,111500,111440,111440,112440,112440,112380,112410
,,,,115540,115540,115500,115530,111430,111480,111400,111450,112400,112410,112270,112370
,,,,115530,115580,115530,115560,111440,111470,111440,111450,112360,112370,112300,112340
,,,,115580,115590,115540,115580,111450,111470,111390,111410,112350,112460,112320,112420
,,,,115580,115620,115550,115550,111410,111430,111400,111430,112410,112530,112400,112500
,,,,115570,115650,115570,115650,111420,111480,111410,111470,112510,112520,112390,112430
,,,,115650,115720,115650,115700,111470,111540,111450,111480,112440,112470,112390,112460
,,,,115700,115740,115690,115690,111490,111490,111460,111470,112470,112480,112380,112390
,,,,115690,115700,115670,115700,111460,111500,111450,111500,112380,112460,112370,112450
,,,,115700,115720,115670,115670,111510,111510,111420,111440,112440,112460,112400,112410
,,,,115670,115690,115650,115650,111430,111490,111430,111490,112410,112410,112270,112310
,,,,115660,115730,115660,115690,111480,111480,111440,111470,112290,112350,112280,112340
,,,,115690,115750,115680,115750,111470,111470,111400,111410,112340,112400,112340,112370
,,,,115740,115780,115730,115780,111420,111440,111400,111410,112350,112360,112140,112200
,,,,115760,115760,115670,115690,111420,111470,111420,111440,112190,112300,112160,112260
,,,,115700,115710,115660,115660,111430,111460,111430,111450,112260,112290,112220,112270
,,,,115690,115750,115670,115740,111440,111520,111400,111420,112270,112280,112200,112260
,,,,115740,115770,115730,115760,111430,111430,111350,111360,112260,112340,112250,112330
,,,,115760,115860,115760,115840,111350,111350,111280,111310,112320,112390,112320,112370
,,,,115850,115860,115810,115820,111330,111370,111310,111340,112370,112390,112340,112350
,,,,115830,115850,115790,115790,111350,111380,111340,111370,112340,112340,112300,112320
,,,,115800,115810,115730,115750,111370,111400,111340,111360,112320,112350,112300,112330
,,,,115750,115790,115740,115790,111360,111360,111310,111320,112330,112350,112320,112340
,,,,115790,115830,115760,115790,111340,111400,111340,111380,112340,112340,112310,112320
,,,,115800,115810,115780,115780,111370,111380,111340,111350,112320,112320,112240,112240
,,,,115780,115830,115780,115800,111350,111360,111320,111320,112240,112330,112230,112330
,,,,115800,115810,115770,115780,111340,111370,111310,111370,112320,112330,112280,112310
,,,,115770,115810,115770,115790,111370,111510,111370,111450,112310,112310,112270,112300
,,,,115790,115860,115780,115860,111450,111470,111430,111430,112290,112330,112290,112320
,,,,115860,115900,115830,115890,111440,111440,111390,111410,112320,112350,112300,112350
,,,,115890,115950,115850,115930,111410,111440,111400,111420,112350,112360,112300,112320
,,,,115930,115960,115880,115900,111410,111410,111330,111360,112330,112340,112310,112340
,,,,115880,115890,115830,115830,111350,111360,111330,111350,112330,112360,112300,112350
,,,,115840,116100,115830,116020,111350,111390,111320,111370,112360,112390,112340,112360
,,,,116020,116120,116020,116100,111370,111380,111340,111380,112370,112370,112330,112350
,,,,116100,116280,116100,116240,111390,111400,111370,111370,112350,112460,112330,112440
,,,,116240,116250,116160,116170,111370,111430,111370,111430,112430,112440,112380,112420
,,,,116160,116210,116140,116140,111420,111460,111410,111420,112410,112460,112400,112440
,,,,116150,116170,116140,116170,111410,111420,111360,111380,112440,112480,112430,112440
,,,,116160,116190,116150,116160,111390,111430,111390,111420,112450,112480,112440,112460
,,,,116160,116190,116130,116150,111420,111440,111420,111420,112460,112480,112420,112430
,,,,116140,116180,116140,116150,111420,111500,111420,111480,112420,112440,112400,112440
,,,,116140,116200,116140,116170,111480,111490,111440,111490,112450,112460,112410,112410
,,,,116170,116190,116130,116160,111490,111490,111450,111460,112410,112420,112340,112370
,,,,116170,116170,116130,116140,111460,111480,111430,111470,112380,112410,112360,112410
,,,,116130,116180,116120,116140,111480,111510,111470,111510,112410,112420,112380,112400
,,,,116140,116160,116120,116150,111510,111520,111470,111490,112410,112420,112370,112400
,,,,116150,116150,116110,116140,111490,111500,111470,111470,112400,112410,112380,112410
,,,,116130,116150,116120,116130,111490,111490,111480,111480,112410,112450,112390,112400
,,,,116130,116200,116130,116170,111470,111500,111470,111500,112400,112460,112400,112450
,,,,116180,116230,116180,116210,111490,111500,111470,111500,112450,112480,112440,112440
,,,,116210,116260,116190,116240,111490,111490,111470,111470,112440,112460,112420,112450
,,,,116240,116280,116230,116250,111460,111470,111440,111460,112460,112470,112440,112440
,,,,116260,116270,116190,116190,111470,111480,111430,111430,112440,112440,112400,112410
,,,,116200,116210,116170,116180,111450,111450,111380,111380,112400,112450,112380,112420
,,,,116180,116210,116170,116200,111380,111420,111370,111420,112420,112420,112370,112390
,,,,116200,116210,116160,116180,111410,111420,111360,111400,112370,112450,112370,112450
,,,,116180,116200,116110,116120,111400,111430,111380,111400,112450,112450,112410,112450
,,,,116130,116150,116070,116090,111410,111470,111400,111430,112450,112450,112420,112420
,,,,116080,116100,116060,116080,111430,111440,111400,111410,112420,112440,112400,112420
,,,,116090,116090,116010,116020,111400,111410,111380,111410,112430,112430,112400,112420
,,,,116030,116120,116020,116100,111390,111410,111370,111400,112410,112440,112410,112440
,,,,116110,116130,116060,116080,111400,111420,111380,111400,112430,112440,112410,112420
,,,,116090,116100,116070,116090,111410,111440,111400,111410,112410,112420,112360,112360
,,,,116100,116160,116060,116160,111410,111430,111410,111430,112360,112460,112360,112460
,,,,116150,116160,116070,116070,111430,111460,111420,111420,112460,112520,112450,112510
,,,,116080,116100,116050,116050,111440,111440,111420,111430,112500,112560,112490,112510
,,,,116050,116110,116050,116110,111430,111430,111430,111430,112500,112510,112440,112450
,,,,116110,116150,116090,116150,111440,111440,111420,111430,112440,112490,112440,112490
,,,,116150,116150,116110,116110,111430,111430,111430,111430,112470,112470,112440,112460
,,,,116120,116190,116120,116190,111440,111440,111390,111400,112450,112510,112440,112500
,,,,116190,116210,116160,116200,111410,111420,111400,111410,112500,112520,112490,112500
,,,,116200,116230,116180,116220,111420,111430,111400,111420,112490,112520,112440,112440
,,,,116230,116370,116200,116210,111400,111440,111390,111420,112440,112530,112400,112510
,,,,116200,116250,116170,116240,111410,111410,111400,111400,112500,112590,112500,112570
,,,,116240,116240,116190,116200,111400,111410,111370,111370,112570,112590,112550,112580
,,,,116210,116210,116160,116190,111370,111390,111320,111360,112580,112660,112570,112640
,,,,116200,116240,116170,116170,111360,111370,111340,111360,112630,112640,112600,112600
,,,,116170,116210,116160,116190,111370,111380,111360,111360,112600,112630,112580,112630
,,,,116170,116240,116170,116230,111390,111400,111380,111400,112620,112630,112570,112570
,,,,116200,116220,116180,116220,111370,111410,111370,111410,112590,112590,112540,112540
,,,,116230,116230,116140,116160,111400,111420,111400,111410,112540,112550,112450,112460
,,,,116160,116220,116160,116200,111410,111420,111400,111410,112460,112460,112430,112450
,,,,116200,116230,116150,116150,111400,111410,111380,111390,112440,112440,112400,112400
,,,,116150,116200,116150,116180,111370,111400,111370,111400,112410,112450,112410,112430
,,,,116190,116210,116150,116170,111390,111420,111390,111420,112410,112440,112360,112370
,,,,116190,116220,116190,116220,111410,111410,111360,111360,112370,112380,112320,112370
,,,,116220,116220,116200,116200,111360,111380,111320,111360,112370,112410,112350,112380
,,,,116210,116220,116200,116210,111360,111360,111310,111320,112380,112410,112370,112390
,,,,116210,116240,116180,116180,111310,111340,111310,111330,112370,112460,112370,112450
,,,,116190,116200,116130,116130,111320,111330,111280,111310,112450,112460,112430,112450
,,,,116140,116180,116130,116150,111330,111370,111320,111350,112460,112490,112440,112450
,,,,116160,116170,116150,116150,111360,111390,111350,111390,112460,112470,112440,112470
,,,,116170,116190,116150,116150,111390,111390,111350,111370,112470,112510,112450,112500
,,,,116150,116190,116140,116190,111370,111380,111360,111370,112510,112520,112470,112500
,,,,116180,116190,116160,116170,111360,111370,111340,111350,112500,112520,112380,112380
,,,,116170,116170,116150,116160,111360,111360,111320,111360,112370,112390,112260,112300
,,,,116140,116160,116140,116150,111360,111400,111360,111390,112310,112380,112300,112380
,,,,116140,116160,116140,116160,111400,111420,111390,111390,112380,112380,112310,112310
,,,,116160,116170,116150,116150,111380,111380,111360,111380,112320,112350,112300,112300
,,,,116140,116160,116100,116150,111390,111390,111350,111360,112310,112320,112270,112300
,,,,116160,116160,116120,116120,111360,111400,111360,111390,112300,112370,112300,112320
,,,,116120,116130,116090,116100,111380,111380,111350,111350,112330,112350,112320,112330
,,,,116110,116140,116100,116120,111350,111350,111310,111310,112340,112350,112320,112320
,,,,116130,116170,116130,116160,111300,111330,111290,111330,112320,112350,112300,112330
,,,,116150,116190,116140,116190,111320,111330,111320,111320,112330,112370,112330,112350
,,,,116180,116200,116170,116190,111330,111360,111300,111310,112350,112380,112350,112370
,,,,116190,116190,116160,116160,111300,111340,111300,111310,112380,112400,112300,112300
,,,,116170,116180,116160,116170,111310,111340,111300,111320,112310,112340,112290,112340
,,,,116160,116190,116150,116170,111340,111360,111330,111350,112330,112350,112310,112340
,,,,116180,116190,116170,116170,111330,111350,111330,111330,112320,112330,112300,112330
,,,,116180,116180,116150,116170,111330,111360,111330,111360,112330,112360,112330,112340
,,,,116180,116180,116160,116170,111350,111370,111350,111370,112340,112350,112310,112320
,,,,116170,116170,116150,116160,111360,111380,111360,111370,112330,112340,112320,112340
,,,,116160,116190,116160,116160,111370,111370,111350,111360,112330,112350,112330,112350
,,,,116150,116180,116120,116150,111350,111360,111330,111330,112330,112350,112310,112350
,,,,116160,116190,116160,116190,111340,111380,111340,111360,112350,112380,112340,112370
,,,,116180,116180,116160,116160,111380,111430,111370,111430,112380,112410,112370,112390
,,,,116160,116160,116100,116100,111430,111470,111430,111440,112400,112400,112370,112400
,,,,116110,116130,116090,116120,111440,111450,111420,111450,112400,112430,112390,112410
,,,,116110,116140,116060,116140,111450,111460,111430,111440,112410,112440,112410,112420
,,,,116140,116150,116130,116130,111440,111460,111430,111450,112410,112420,112390,112400
,,,,116120,116150,116110,116150,111430,111440,111370,111370,112410,112440,112400,112410
,,,,116140,116150,116110,116120,111370,111390,111370,111370,112430,112440,112400,112410
,,,,116110,116120,116060,116080,111360,111380,111350,111360,112410,112450,112380,112400
,,,,116080,116100,116060,116060,111370,111370,111300,111310,112390,112430,112360,112380
,,,,116080,116080,116040,116050,111320,111320,111210,111230,112400,112400,112340,112360
,,,,116050,116060,116040,116060,111240,111240,111160,111180,112370,112380,112350,112360
,,,,116060,116070,115980,116000,111190,111190,111130,111160,112380,112410,112350,112410
,,,,116000,116030,115980,116000,111150,111190,111140,111170,112410,112450,112390,112440
,,,,115990,116040,115970,116030,111160,111220,111160,111220,112440,112450,112410,112430
,,,,116010,116070,116010,116020,111220,111250,111210,111240,112440,112450,112390,112440
,,,,116040,116060,116030,116050,111230,111280,111220,111250,112450,112490,112450,112460
,,,,116060,116060,116020,116050,111240,111260,111200,111260,112450,112540,112450,112490
,,,,116040,116040,116020,116020,111260,111270,111220,111260,112490,112520,112440,112460
,,,,116020,116020,116000,116000,111250,111260,111110,111130,112450,112480,112420,112470
,,,,116000,116000,115950,115960,111130,111160,111110,111150,112480,112550,112480,112520
,,,,115960,115960,115920,115940,111140,111160,111130,111150,112520,112530,112490,112520
,,,,115930,115960,115920,115930,111150,111180,111110,111140,112530,112580,112520,112560
,,,,115930,115930,115870,115910,111140,111170,111130,111150,112550,112570,112540,112550
,,,,115900,115920,115850,115910,111150,111180,111140,111170,112540,112600,112530,112590
,,,,115900,115920,115890,115890,111170,111170,111150,111170,112600,112740,112600,112710
,,,,115890,115930,115890,115930,111160,111170,111140,111150,112700,112770,112680,112750
,,,,115920,115940,115910,115920,111150,111200,111150,111200,112760,112840,112750,112810
,,,,115940,115950,115910,115930,111190,111190,111110,111110,112820,112850,112800,112800
,,,,115920,115940,115910,115920,111120,111130,111060,111070,112810,112890,112800,112830
,,,,115920,115940,115910,115920,111070,111120,111030,111100,112840,112930,112820,112850
,,,,115930,115960,115920,115940,111090,111140,111080,111120,112840,112850,112810,112830
,,,,115940,115940,115900,115920,111120,111130,111080,111100,112820,112830,112780,112800
,,,,115930,115980,115930,115950,111090,111110,111050,111100,112790,112810,112760,112780
,,,,115950,115960,115910,115940,111090,111170,111070,111170,112780,112800,112750,112750
,,,,115950,115960,115940,115950,111170,111190,111150,111190,112770,112770,112730,112730
,,,,115950,116000,115950,115990,111190,111290,111190,111240,112730,112760,112700,112750
,,,,115990,116000,115970,115970,111230,111270,111210,111260,112740,112750,112720,112720
,,,,115990,116000,115960,115980,111270,111290,111220,111260,112740,112740,112700,112720
,,,,115970,115980,115920,115960,111270,111270,111220,111260,112730,112840,112730,112830
,,,,115950,115970,115930,115930,111250,111290,111240,111290,112830,112850,112780,112780
,,,,115950,115950,115890,115940,111300,111340,111270,111310,112780,112780,112730,112750
,,,,115930,115940,115920,115940,111310,111330,111260,111260,112760,112810,112750,112810
,,,,115940,115980,115930,115980,111250,111280,111250,111260,112800,112850,112780,112820
,,,,115990,116100,115990,116100,111270,111280,111250,111260,112820,112910,112800,112880
,,,,116090,116100,116060,116090,111260,111320,111260,111280,112880,112880,112790,112790
,,,,116090,116120,116070,116090,111280,111330,111270,111310,112780,112820,112770,112770
,,,,116090,116130,116080,116080,111300,111300,111160,111170,112790,112800,112770,112790
,,,,116080,116080,116040,116050,111160,111200,111130,111180,112790,112800,112760,112780
,,,,116040,116040,115980,116000,111190,111220,111190,111220,112790,112850,112790,112850
,,,,116010,116010,115980,116000,111220,111250,111210,111210,112850,112860,112820,112830
,,,,116010,116010,115970,115990,111220,111230,111170,111180,112830,112890,112820,112870
,,,,115990,116040,115970,116040,111160,111260,111160,111250,112860,112890,112850,112870
,,,,116030,116100,116030,116090,111250,111260,111200,111230,112860,112860,112810,112820
,,,,116080,116090,115990,116030,111230,111290,111230,111260,112820,112850,112800,112820
,,,,116040,116040,116010,116010,111250,111330,111250,111290,112810,112830,112810,112820
,,,,116000,116030,115990,116030,111300,111300,111260,111290,112830,112830,112790,112790
,,,,116030,116060,116010,116060,111280,111310,111270,111310,112800,112830,112790,112820
,,,,116050,116050,115980,115980,111310,111330,111300,111310,112820,112830,112780,112780
,,,,115980,116020,115980,116020,111300,111300,111270,111280,112790,112800,112700,112700
,,,,116000,116020,116000,116000,111290,111320,111230,111240,112710,112740,112690,112710
,,,,116000,116020,115990,116020,111240,111280,111230,111270,112700,112710,112660,112700
,,,,116020,116040,116020,116030,111290,111310,111270,111300,112710,112730,112670,112720
,,,,116040,116060,116030,116030,111300,111370,111290,111350,112700,112750,112700,112730
,,,,116030,116040,116030,116040,111340,111360,111290,111320,112740,112740,112670,112690
,,,,116040,116040,116030,116040,111330,111350,111310,111320,112690,112740,112680,112700
,,,,116040,116050,116040,116040,111330,111330,111290,111300,112700,112750,112700,112740
,,,,116050,116060,116050,116060,111300,111330,111270,111270,112740,112740,112710,112720
,,,,116070,116130,116070,116110,111270,111340,111250,111340,112720,112780,112700,112770
,,,,116120,116190,116120,116150,111340,111380,111330,111340,112770,112910,112760,112900
,,,,116140,116150,116120,116140,111330,111350,111300,111320,112900,112920,112860,112900
,,,,116130,116140,116120,116130,111330,111330,111290,111290,112910,112910,112870,112900
,,,,116150,116160,116140,116140,111300,111340,111300,111310,112880,112980,112880,112960
,,,,116140,116150,116120,116150,111320,111340,111310,111320,112960,112980,112950,112950
,,,,116150,116150,116120,116140,111310,111360,111310,111360,112950,112980,112930,112930
,,,,116120,116130,116120,116120,111340,111400,111320,111330,112930,112970,112920,112970
,,,,116120,116150,116110,116150,111330,111350,111300,111320,112980,112990,112950,112950
,,,,116140,116150,116120,116120,111330,111350,111320,111350,112950,112970,112910,112920
,,,,116140,116140,116120,116140,111330,111350,111300,111340,112920,112930,112910,112920
,,,,116140,116140,116120,116120,111330,111350,111330,111340,112920,112940,112890,112930
,,,,116110,116140,116110,116120,111340,111400,111340,111370,112920,112940,112900,112940
,,,,116130,116130,116110,116110,111370,111380,111280,111290,112920,112930,112900,112920
,,,,116120,116120,116110,116110,111290,111300,111230,111300,112910,112940,112900,112940
,,,,116110,116110,116080,116100,111300,111340,111290,111340,112930,112950,112930,112940
,,,,116090,116090,116080,116090,111350,111390,111300,111340,112940,112940,112910,112910
,,,,116090,116090,116070,116080,111350,111350,111290,111290,112920,112940,112920,112920
,,,,116080,116080,116050,116080,111290,111290,111240,111260,112930,112950,112920,112920
,,,,116070,116080,116060,116080,111240,111270,111210,111250,112920,112930,112870,112870
,,,,116070,116080,116050,116050,111250,111310,111250,111310,112890,112950,112880,112900
,,,,116070,116070,116070,116070,111310,111340,111270,111280,112890,112900,112840,112900
,,,,116060,116070,116030,116070,111310,111410,111310,111390,112890,112930,112870,112930
,,,,116070,116080,116040,116060,111400,111430,111350,111370,112940,112950,112910,112920
,,,,116060,116090,116060,116090,111380,111420,111330,111370,112920,112940,112890,112920
,,,,116090,116110,116080,116080,111380,111380,111300,111310,112910,112920,112880,112880
,,,,116080,116110,116080,116110,111320,111350,111280,111320,112870,112890,112810,112840
,,,,116100,116120,116100,116120,111340,111360,111300,111300,112830,112840,112810,112820
,,,,116130,116180,116130,116150,111290,111340,111260,111260,112810,112820,112790,112810
,,,,116150,116200,116140,116200,111260,111280,111210,111230,112820,112830,112780,112820
,,,,116190,116220,116140,116140,111230,111230,111160,111210,112810,112830,112770,112770
,,,,116140,116160,116120,116120,111210,111210,111140,111180,112770,112780,112740,112750
,,,,116130,116130,116100,116100,111170,111200,111160,111200,112770,112800,112740,112780
,,,,116100,116130,116090,116100,111190,111220,111160,111200,112770,112790,112740,112780
,,,,116100,116130,116100,116130,111200,111210,111160,111180,112760,112780,112750,112760
,,,,116130,116160,116120,116150,111190,111210,111140,111170,112760,112770,112720,112760
,,,,116120,116130,116120,116130,111170,111200,111170,111190,112740,112790,112720,112790
,,,,116130,116150,116130,116140,111190,111200,111140,111180,112770,112770,112720,112730
,,,,116150,116160,116050,116080,111180,111200,111140,111160,112740,112790,112730,112790
,,,,116060,116090,116000,116000,111170,111170,111110,111140,112780,112800,112720,112740
,,,,,,,,111150,111190,111130,111150,112720,112760,112590,112650
,,,,,,,,111150,111190,111080,111110,,,,
